{
  "character": "character_b_xtts_refs",
  "global": {
    "f0_mean_hz": 130.45960235595703,
    "f0_median_hz": 122.47276051839192,
    "f0_std_hz": 39.749088287353516,
    "f0_range_hz": 42.67188262939453,
    "intensity_mean_db": -18.177581151326496,
    "intensity_std_db": 3.4537173906962075,
    "jitter_local": 0.08698771645625432,
    "shimmer_local_db": 0.7904260555903116,
    "hnr_db": 2.0882707039515176,
    "voiced_ratio": 0.7995838614834109,
    "speech_rate_syllables_per_sec": 2.7038190360596737,
    "pause_rate_per_min": 83.43883200146307,
    "mean_pause_ms": 119.83875528971355,
    "max_pause_ms": 272.7135264078776,
    "long_pause_ratio": 0.0,
    "silence_ratio": 0.20041613851658915,
    "spectral_centroid_hz": 1539.6320517134848,
    "spectral_rolloff_hz": 2816.338877609635,
    "burstiness": 0.5650189618269602,
    "final_pitch_delta_hz": -6.3390045166015625,
    "mfcc_mean": [
      -50.86981201171875,
      19.345399856567383,
      7.8210039138793945,
      5.116436004638672,
      3.0964479446411133,
      3.6054630279541016,
      2.070905923843384,
      2.1004691123962402,
      0.7927470207214355,
      0.8004279732704163,
      1.4064489603042603,
      1.2816790342330933,
      0.9826480150222778
    ],
    "mfcc_std": [
      29.46275520324707,
      6.5753397941589355,
      6.291582107543945,
      3.1777360439300537,
      2.999701976776123,
      2.171088933944702,
      1.9003759622573853,
      1.6278810501098633,
      1.7576090097427368,
      1.5559649467468262,
      1.4477900266647339,
      1.541275978088379,
      1.4277219772338867
    ]
  },
  "substyles": {
    "neutral": {
      "f0_mean_hz": 130.45960235595703,
      "f0_median_hz": 122.47276051839192,
      "f0_std_hz": 39.749088287353516,
      "f0_range_hz": 42.67188262939453,
      "intensity_mean_db": -18.177581151326496,
      "intensity_std_db": 3.4537173906962075,
      "jitter_local": 0.08698771645625432,
      "shimmer_local_db": 0.7904260555903116,
      "hnr_db": 2.0882707039515176,
      "voiced_ratio": 0.7995838614834109,
      "speech_rate_syllables_per_sec": 2.7038190360596737,
      "pause_rate_per_min": 83.43883200146307,
      "mean_pause_ms": 119.83875528971355,
      "max_pause_ms": 272.7135264078776,
      "long_pause_ratio": 0.0,
      "silence_ratio": 0.20041613851658915,
      "spectral_centroid_hz": 1539.6320517134848,
      "spectral_rolloff_hz": 2816.338877609635,
      "burstiness": 0.5650189618269602,
      "final_pitch_delta_hz": -6.3390045166015625,
      "mfcc_mean": [
        -50.86981201171875,
        19.345399856567383,
        7.8210039138793945,
        5.116436004638672,
        3.0964479446411133,
        3.6054630279541016,
        2.070905923843384,
        2.1004691123962402,
        0.7927470207214355,
        0.8004279732704163,
        1.4064489603042603,
        1.2816790342330933,
        0.9826480150222778
      ],
      "mfcc_std": [
        29.46275520324707,
        6.5753397941589355,
        6.291582107543945,
        3.1777360439300537,
        2.999701976776123,
        2.171088933944702,
        1.9003759622573853,
        1.6278810501098633,
        1.7576090097427368,
        1.5559649467468262,
        1.4477900266647339,
        1.541275978088379,
        1.4277219772338867
      ]
    }
  },
  "source_manifest": "C:\\dev\\aro-voice-style-lab\\data\\manifests\\character_b_xtts_refs.csv",
  "clip_count": 3
}