{
  "character": "character_b_segments",
  "global": {
    "f0_mean_hz": 134.07701764787947,
    "f0_median_hz": 121.09867931547619,
    "f0_std_hz": 48.57631065731957,
    "f0_range_hz": 45.08537964593796,
    "intensity_mean_db": -17.48354062579927,
    "intensity_std_db": 3.4990473985671997,
    "jitter_local": 0.09455475122446105,
    "shimmer_local_db": 0.8166547304108029,
    "hnr_db": 1.9343183537324269,
    "voiced_ratio": 0.7997247081415201,
    "speech_rate_syllables_per_sec": 3.470373094122974,
    "pause_rate_per_min": 76.07251591719097,
    "mean_pause_ms": 136.70593951997301,
    "max_pause_ms": 348.7312378656296,
    "long_pause_ratio": 0.046204060489774774,
    "silence_ratio": 0.2002752918584801,
    "spectral_centroid_hz": 1751.953842495895,
    "spectral_rolloff_hz": 3232.1701352589653,
    "burstiness": 0.5806263443969545,
    "final_pitch_delta_hz": -3.3656598045712425,
    "mfcc_mean": [
      -45.87228012084961,
      19.12031364440918,
      6.390199184417725,
      4.382803916931152,
      2.191037893295288,
      3.266242027282715,
      1.6760400533676147,
      2.0636019706726074,
      0.6548969745635986,
      0.7418709993362427,
      1.5956610441207886,
      1.4433540105819702,
      0.9881389737129211
    ],
    "mfcc_std": [
      31.520187377929688,
      7.051392078399658,
      6.993017196655273,
      3.2739579677581787,
      3.104749917984009,
      2.316930055618286,
      2.1432619094848633,
      1.7409180402755737,
      1.7810659408569336,
      1.6620030403137207,
      1.7624739408493042,
      1.656891942024231,
      1.471155047416687
    ]
  },
  "substyles": {
    "neutral": {
      "f0_mean_hz": 134.07701764787947,
      "f0_median_hz": 121.09867931547619,
      "f0_std_hz": 48.57631065731957,
      "f0_range_hz": 45.08537964593796,
      "intensity_mean_db": -17.48354062579927,
      "intensity_std_db": 3.4990473985671997,
      "jitter_local": 0.09455475122446105,
      "shimmer_local_db": 0.8166547304108029,
      "hnr_db": 1.9343183537324269,
      "voiced_ratio": 0.7997247081415201,
      "speech_rate_syllables_per_sec": 3.470373094122974,
      "pause_rate_per_min": 76.07251591719097,
      "mean_pause_ms": 136.70593951997301,
      "max_pause_ms": 348.7312378656296,
      "long_pause_ratio": 0.046204060489774774,
      "silence_ratio": 0.2002752918584801,
      "spectral_centroid_hz": 1751.953842495895,
      "spectral_rolloff_hz": 3232.1701352589653,
      "burstiness": 0.5806263443969545,
      "final_pitch_delta_hz": -3.3656598045712425,
      "mfcc_mean": [
        -45.87228012084961,
        19.12031364440918,
        6.390199184417725,
        4.382803916931152,
        2.191037893295288,
        3.266242027282715,
        1.6760400533676147,
        2.0636019706726074,
        0.6548969745635986,
        0.7418709993362427,
        1.5956610441207886,
        1.4433540105819702,
        0.9881389737129211
      ],
      "mfcc_std": [
        31.520187377929688,
        7.051392078399658,
        6.993017196655273,
        3.2739579677581787,
        3.104749917984009,
        2.316930055618286,
        2.1432619094848633,
        1.7409180402755737,
        1.7810659408569336,
        1.6620030403137207,
        1.7624739408493042,
        1.656891942024231,
        1.471155047416687
      ]
    }
  },
  "source_manifest": "C:\\dev\\aro-voice-style-lab\\data\\manifests\\character_b_segments.csv",
  "clip_count": 21
}