{
  "character": "character_a_segments",
  "global": {
    "f0_mean_hz": 197.7286142202524,
    "f0_median_hz": 194.5182342529297,
    "f0_std_hz": 52.33142441969652,
    "f0_range_hz": 68.9910521874061,
    "intensity_mean_db": -27.38615784278283,
    "intensity_std_db": 4.005406856536865,
    "jitter_local": 0.07845576938528281,
    "shimmer_local_db": 1.0242961599276617,
    "hnr_db": 3.457378094012921,
    "voiced_ratio": 0.7497565906115297,
    "speech_rate_syllables_per_sec": 3.055539174067019,
    "pause_rate_per_min": 93.53013980846974,
    "mean_pause_ms": 142.24609375,
    "max_pause_ms": 353.81127108060394,
    "long_pause_ratio": 0.059951159951159946,
    "silence_ratio": 0.2502434093884705,
    "spectral_centroid_hz": 2048.620368485636,
    "spectral_rolloff_hz": 4086.2060196333105,
    "burstiness": 0.672274323610159,
    "final_pitch_delta_hz": -17.958599384014423,
    "mfcc_mean": [
      -75.03510284423828,
      17.510543823242188,
      3.580509901046753,
      4.6913299560546875,
      1.2683080434799194,
      3.6075620651245117,
      0.9861840009689331,
      2.5471880435943604,
      0.9586269855499268,
      1.2147669792175293,
      1.5756980180740356,
      1.5723780393600464,
      0.6836479902267456
    ],
    "mfcc_std": [
      41.22495651245117,
      5.381730079650879,
      5.012916088104248,
      2.81864595413208,
      2.7599380016326904,
      2.3386340141296387,
      2.4761741161346436,
      1.8475110530853271,
      1.9558589458465576,
      1.9566160440444946,
      1.7753349542617798,
      1.6501450538635254,
      1.5188080072402954
    ]
  },
  "substyles": {
    "neutral": {
      "f0_mean_hz": 197.7286142202524,
      "f0_median_hz": 194.5182342529297,
      "f0_std_hz": 52.33142441969652,
      "f0_range_hz": 68.9910521874061,
      "intensity_mean_db": -27.38615784278283,
      "intensity_std_db": 4.005406856536865,
      "jitter_local": 0.07845576938528281,
      "shimmer_local_db": 1.0242961599276617,
      "hnr_db": 3.457378094012921,
      "voiced_ratio": 0.7497565906115297,
      "speech_rate_syllables_per_sec": 3.055539174067019,
      "pause_rate_per_min": 93.53013980846974,
      "mean_pause_ms": 142.24609375,
      "max_pause_ms": 353.81127108060394,
      "long_pause_ratio": 0.059951159951159946,
      "silence_ratio": 0.2502434093884705,
      "spectral_centroid_hz": 2048.620368485636,
      "spectral_rolloff_hz": 4086.2060196333105,
      "burstiness": 0.672274323610159,
      "final_pitch_delta_hz": -17.958599384014423,
      "mfcc_mean": [
        -75.03510284423828,
        17.510543823242188,
        3.580509901046753,
        4.6913299560546875,
        1.2683080434799194,
        3.6075620651245117,
        0.9861840009689331,
        2.5471880435943604,
        0.9586269855499268,
        1.2147669792175293,
        1.5756980180740356,
        1.5723780393600464,
        0.6836479902267456
      ],
      "mfcc_std": [
        41.22495651245117,
        5.381730079650879,
        5.012916088104248,
        2.81864595413208,
        2.7599380016326904,
        2.3386340141296387,
        2.4761741161346436,
        1.8475110530853271,
        1.9558589458465576,
        1.9566160440444946,
        1.7753349542617798,
        1.6501450538635254,
        1.5188080072402954
      ]
    }
  },
  "source_manifest": "C:\\dev\\aro-voice-style-lab\\data\\manifests\\character_a_segments.csv",
  "clip_count": 13
}