{
  "character": "character_a",
  "global": {
    "f0_mean_hz": 202.29894002278647,
    "f0_median_hz": 198.30726114908853,
    "f0_std_hz": 57.474493662516274,
    "f0_range_hz": 72.71578979492188,
    "intensity_mean_db": -26.779117584228516,
    "intensity_std_db": 4.7504808108011884,
    "jitter_local": 0.08930964271227519,
    "shimmer_local_db": 1.1457033356030781,
    "hnr_db": 3.1795876820882163,
    "voiced_ratio": 0.7529300690639561,
    "speech_rate_syllables_per_sec": 2.7796891592270057,
    "pause_rate_per_min": 57.37652617053459,
    "mean_pause_ms": 224.85933939615884,
    "max_pause_ms": 1150.7180582682292,
    "long_pause_ratio": 0.20123456790123453,
    "silence_ratio": 0.24706993093604387,
    "spectral_centroid_hz": 2141.6874717354654,
    "spectral_rolloff_hz": 4195.733328429212,
    "burstiness": 0.7379454970359802,
    "final_pitch_delta_hz": 2.1703948974609375,
    "mfcc_mean": [
      -75.48345947265625,
      17.821609497070312,
      3.0840299129486084,
      4.433107852935791,
      0.630154013633728,
      3.597043037414551,
      0.7430130243301392,
      2.342089891433716,
      0.6043689846992493,
      1.0921720266342163,
      1.344107985496521,
      1.4007339477539062,
      0.6108279824256897
    ],
    "mfcc_std": [
      52.16726303100586,
      6.212344169616699,
      5.629794120788574,
      3.017327070236206,
      3.0615110397338867,
      2.4704198837280273,
      2.677609920501709,
      1.9538140296936035,
      2.101219892501831,
      2.1081368923187256,
      1.8324110507965088,
      1.7605730295181274,
      1.6288199424743652
    ]
  },
  "substyles": {
    "neutral": {
      "f0_mean_hz": 202.29894002278647,
      "f0_median_hz": 198.30726114908853,
      "f0_std_hz": 57.474493662516274,
      "f0_range_hz": 72.71578979492188,
      "intensity_mean_db": -26.779117584228516,
      "intensity_std_db": 4.7504808108011884,
      "jitter_local": 0.08930964271227519,
      "shimmer_local_db": 1.1457033356030781,
      "hnr_db": 3.1795876820882163,
      "voiced_ratio": 0.7529300690639561,
      "speech_rate_syllables_per_sec": 2.7796891592270057,
      "pause_rate_per_min": 57.37652617053459,
      "mean_pause_ms": 224.85933939615884,
      "max_pause_ms": 1150.7180582682292,
      "long_pause_ratio": 0.20123456790123453,
      "silence_ratio": 0.24706993093604387,
      "spectral_centroid_hz": 2141.6874717354654,
      "spectral_rolloff_hz": 4195.733328429212,
      "burstiness": 0.7379454970359802,
      "final_pitch_delta_hz": 2.1703948974609375,
      "mfcc_mean": [
        -75.48345947265625,
        17.821609497070312,
        3.0840299129486084,
        4.433107852935791,
        0.630154013633728,
        3.597043037414551,
        0.7430130243301392,
        2.342089891433716,
        0.6043689846992493,
        1.0921720266342163,
        1.344107985496521,
        1.4007339477539062,
        0.6108279824256897
      ],
      "mfcc_std": [
        52.16726303100586,
        6.212344169616699,
        5.629794120788574,
        3.017327070236206,
        3.0615110397338867,
        2.4704198837280273,
        2.677609920501709,
        1.9538140296936035,
        2.101219892501831,
        2.1081368923187256,
        1.8324110507965088,
        1.7605730295181274,
        1.6288199424743652
      ]
    }
  },
  "source_manifest": "C:\\dev\\aro-voice-style-lab\\data\\manifests\\character_a.csv",
  "clip_count": 3
}