{
  "character": "character_b",
  "global": {
    "f0_mean_hz": 135.43359375,
    "f0_median_hz": 120.49180603027344,
    "f0_std_hz": 52.46261978149414,
    "f0_range_hz": 57.05865478515625,
    "intensity_mean_db": -17.492149353027344,
    "intensity_std_db": 4.056400775909424,
    "jitter_local": 0.08950012177228928,
    "shimmer_local_db": 0.8625353574752808,
    "hnr_db": 2.0217597484588623,
    "voiced_ratio": 0.8,
    "speech_rate_syllables_per_sec": 2.6044061265763405,
    "pause_rate_per_min": 61.448567383915346,
    "mean_pause_ms": 167.79071044921875,
    "max_pause_ms": 957.8231811523438,
    "long_pause_ratio": 0.0967741935483871,
    "silence_ratio": 0.2,
    "spectral_centroid_hz": 1758.9100734166016,
    "spectral_rolloff_hz": 3291.3156057255906,
    "burstiness": 0.650088906288147,
    "final_pitch_delta_hz": -7.875152587890625,
    "mfcc_mean": [
      -48.46846389770508,
      19.164989471435547,
      6.455560207366943,
      4.42019510269165,
      2.2591259479522705,
      3.2664999961853027,
      1.5897599458694458,
      2.0088839530944824,
      0.5976340174674988,
      0.7259939908981323,
      1.5442099571228027,
      1.3670899868011475,
      0.9067860245704651
    ],
    "mfcc_std": [
      35.745487213134766,
      7.243634223937988,
      7.115461826324463,
      3.394094944000244,
      3.1879448890686035,
      2.4144270420074463,
      2.2172179222106934,
      1.817868947982788,
      1.888532042503357,
      1.732704997062683,
      1.800076961517334,
      1.7551079988479614,
      1.5618230104446411
    ]
  },
  "substyles": {
    "neutral": {
      "f0_mean_hz": 135.43359375,
      "f0_median_hz": 120.49180603027344,
      "f0_std_hz": 52.46261978149414,
      "f0_range_hz": 57.05865478515625,
      "intensity_mean_db": -17.492149353027344,
      "intensity_std_db": 4.056400775909424,
      "jitter_local": 0.08950012177228928,
      "shimmer_local_db": 0.8625353574752808,
      "hnr_db": 2.0217597484588623,
      "voiced_ratio": 0.8,
      "speech_rate_syllables_per_sec": 2.6044061265763405,
      "pause_rate_per_min": 61.448567383915346,
      "mean_pause_ms": 167.79071044921875,
      "max_pause_ms": 957.8231811523438,
      "long_pause_ratio": 0.0967741935483871,
      "silence_ratio": 0.2,
      "spectral_centroid_hz": 1758.9100734166016,
      "spectral_rolloff_hz": 3291.3156057255906,
      "burstiness": 0.650088906288147,
      "final_pitch_delta_hz": -7.875152587890625,
      "mfcc_mean": [
        -48.46846389770508,
        19.164989471435547,
        6.455560207366943,
        4.42019510269165,
        2.2591259479522705,
        3.2664999961853027,
        1.5897599458694458,
        2.0088839530944824,
        0.5976340174674988,
        0.7259939908981323,
        1.5442099571228027,
        1.3670899868011475,
        0.9067860245704651
      ],
      "mfcc_std": [
        35.745487213134766,
        7.243634223937988,
        7.115461826324463,
        3.394094944000244,
        3.1879448890686035,
        2.4144270420074463,
        2.2172179222106934,
        1.817868947982788,
        1.888532042503357,
        1.732704997062683,
        1.800076961517334,
        1.7551079988479614,
        1.5618230104446411
      ]
    }
  },
  "source_manifest": "C:\\dev\\aro-voice-style-lab\\data\\manifests\\character_b.csv",
  "clip_count": 1
}