{
  "character": "character_a_xtts_refs",
  "global": {
    "f0_mean_hz": 210.7784678141276,
    "f0_median_hz": 207.47776794433594,
    "f0_std_hz": 51.805033365885414,
    "f0_range_hz": 56.8992665608724,
    "intensity_mean_db": -27.483781178792317,
    "intensity_std_db": 3.431766907374064,
    "jitter_local": 0.08154839525620143,
    "shimmer_local_db": 0.8891545136769613,
    "hnr_db": 3.7861169974009194,
    "voiced_ratio": 0.7964404817057303,
    "speech_rate_syllables_per_sec": 3.7289434586324055,
    "pause_rate_per_min": 88.07482022630018,
    "mean_pause_ms": 126.66370391845703,
    "max_pause_ms": 305.9712829589844,
    "long_pause_ratio": 0.037037037037037035,
    "silence_ratio": 0.2035595182942697,
    "spectral_centroid_hz": 2119.208488663699,
    "spectral_rolloff_hz": 4089.269786903118,
    "burstiness": 0.5631819367408752,
    "final_pitch_delta_hz": -22.094675699869793,
    "mfcc_mean": [
      -67.15056610107422,
      17.434906005859375,
      3.2240149974823,
      4.686625957489014,
      1.0081020593643188,
      3.6062090396881104,
      0.85487300157547,
      2.4164059162139893,
      0.9454050064086914,
      1.066025972366333,
      1.556372046470642,
      1.6741269826889038,
      0.8101019859313965
    ],
    "mfcc_std": [
      29.822784423828125,
      5.096551895141602,
      5.048364162445068,
      2.736354112625122,
      2.6768639087677,
      2.332581043243408,
      2.4319939613342285,
      1.7858070135116577,
      1.8193600177764893,
      1.683730959892273,
      1.7124019861221313,
      1.5627700090408325,
      1.4804669618606567
    ]
  },
  "substyles": {
    "neutral": {
      "f0_mean_hz": 210.7784678141276,
      "f0_median_hz": 207.47776794433594,
      "f0_std_hz": 51.805033365885414,
      "f0_range_hz": 56.8992665608724,
      "intensity_mean_db": -27.483781178792317,
      "intensity_std_db": 3.431766907374064,
      "jitter_local": 0.08154839525620143,
      "shimmer_local_db": 0.8891545136769613,
      "hnr_db": 3.7861169974009194,
      "voiced_ratio": 0.7964404817057303,
      "speech_rate_syllables_per_sec": 3.7289434586324055,
      "pause_rate_per_min": 88.07482022630018,
      "mean_pause_ms": 126.66370391845703,
      "max_pause_ms": 305.9712829589844,
      "long_pause_ratio": 0.037037037037037035,
      "silence_ratio": 0.2035595182942697,
      "spectral_centroid_hz": 2119.208488663699,
      "spectral_rolloff_hz": 4089.269786903118,
      "burstiness": 0.5631819367408752,
      "final_pitch_delta_hz": -22.094675699869793,
      "mfcc_mean": [
        -67.15056610107422,
        17.434906005859375,
        3.2240149974823,
        4.686625957489014,
        1.0081020593643188,
        3.6062090396881104,
        0.85487300157547,
        2.4164059162139893,
        0.9454050064086914,
        1.066025972366333,
        1.556372046470642,
        1.6741269826889038,
        0.8101019859313965
      ],
      "mfcc_std": [
        29.822784423828125,
        5.096551895141602,
        5.048364162445068,
        2.736354112625122,
        2.6768639087677,
        2.332581043243408,
        2.4319939613342285,
        1.7858070135116577,
        1.8193600177764893,
        1.683730959892273,
        1.7124019861221313,
        1.5627700090408325,
        1.4804669618606567
      ]
    }
  },
  "source_manifest": "C:\\dev\\aro-voice-style-lab\\data\\manifests\\character_a_xtts_refs.csv",
  "clip_count": 3
}