{
  "character": "demo_compressed",
  "global": {
    "f0_mean_hz": 198.5030059814453,
    "f0_median_hz": 202.2935791015625,
    "f0_std_hz": 39.020442962646484,
    "f0_range_hz": 44.59534454345703,
    "intensity_mean_db": -17.19736671447754,
    "intensity_std_db": 3.531188488006592,
    "jitter_local": 0.012792862020432949,
    "shimmer_local_db": 0.3471989035606384,
    "hnr_db": 6.415771484375,
    "voiced_ratio": 0.7947019867549668,
    "speech_rate_syllables_per_sec": 1.3050570962479608,
    "pause_rate_per_min": 117.45513866231647,
    "mean_pause_ms": 103.0990219116211,
    "max_pause_ms": 159.63717651367188,
    "long_pause_ratio": 0.0,
    "silence_ratio": 0.2052980132450331,
    "spectral_centroid_hz": 1119.499591604428,
    "spectral_rolloff_hz": 2256.8935287693744,
    "burstiness": 0.5580660700798035,
    "final_pitch_delta_hz": -40.40583801269531,
    "mfcc_mean": [
      -84.82038879394531,
      14.17932415008545,
      7.889319896697998,
      5.666018009185791,
      4.459691047668457,
      3.687659978866577,
      3.143548011779785,
      2.710927963256836,
      2.348615884780884,
      2.068617105484009,
      1.8435779809951782,
      1.6409989595413208,
      1.4482640027999878
    ],
    "mfcc_std": [
      103.36843872070312,
      4.1160759925842285,
      2.6308200359344482,
      1.889165997505188,
      1.5747419595718384,
      1.3406399488449097,
      1.1559940576553345,
      1.081563949584961,
      1.0001870393753052,
      0.9124400019645691,
      0.8129979968070984,
      0.7910739779472351,
      0.728413999080658
    ]
  },
  "substyles": {
    "neutral": {
      "f0_mean_hz": 198.5030059814453,
      "f0_median_hz": 202.2935791015625,
      "f0_std_hz": 39.020442962646484,
      "f0_range_hz": 44.59534454345703,
      "intensity_mean_db": -17.19736671447754,
      "intensity_std_db": 3.531188488006592,
      "jitter_local": 0.012792862020432949,
      "shimmer_local_db": 0.3471989035606384,
      "hnr_db": 6.415771484375,
      "voiced_ratio": 0.7947019867549668,
      "speech_rate_syllables_per_sec": 1.3050570962479608,
      "pause_rate_per_min": 117.45513866231647,
      "mean_pause_ms": 103.0990219116211,
      "max_pause_ms": 159.63717651367188,
      "long_pause_ratio": 0.0,
      "silence_ratio": 0.2052980132450331,
      "spectral_centroid_hz": 1119.499591604428,
      "spectral_rolloff_hz": 2256.8935287693744,
      "burstiness": 0.5580660700798035,
      "final_pitch_delta_hz": -40.40583801269531,
      "mfcc_mean": [
        -84.82038879394531,
        14.17932415008545,
        7.889319896697998,
        5.666018009185791,
        4.459691047668457,
        3.687659978866577,
        3.143548011779785,
        2.710927963256836,
        2.348615884780884,
        2.068617105484009,
        1.8435779809951782,
        1.6409989595413208,
        1.4482640027999878
      ],
      "mfcc_std": [
        103.36843872070312,
        4.1160759925842285,
        2.6308200359344482,
        1.889165997505188,
        1.5747419595718384,
        1.3406399488449097,
        1.1559940576553345,
        1.081563949584961,
        1.0001870393753052,
        0.9124400019645691,
        0.8129979968070984,
        0.7910739779472351,
        0.728413999080658
      ]
    }
  },
  "source_manifest": "C:\\dev\\aro-voice-style-lab\\data\\manifests\\demo_compressed.csv",
  "clip_count": 1
}