{
  "character": "demo_character",
  "global": {
    "f0_mean_hz": 210.30529276529947,
    "f0_median_hz": 211.56269327799478,
    "f0_std_hz": 42.2211545308431,
    "f0_range_hz": 52.881429036458336,
    "intensity_mean_db": -16.697321891784668,
    "intensity_std_db": 3.396939992904663,
    "jitter_local": 0.012726207574208578,
    "shimmer_local_db": 0.2373621662457784,
    "hnr_db": 6.814724445343018,
    "voiced_ratio": 0.7972972972972973,
    "speech_rate_syllables_per_sec": 11.333333333333334,
    "pause_rate_per_min": 93.33333333333333,
    "mean_pause_ms": 121.39077758789062,
    "max_pause_ms": 162.96296183268228,
    "long_pause_ratio": 0.0,
    "silence_ratio": 0.20270270270270271,
    "spectral_centroid_hz": 1047.6803082796418,
    "spectral_rolloff_hz": 2061.2426912540377,
    "burstiness": 0.536475658416748,
    "final_pitch_delta_hz": -35.508870442708336,
    "mfcc_mean": [
      -86.82367706298828,
      14.586955070495605,
      8.117376327514648,
      5.774864196777344,
      4.560879230499268,
      3.7706170082092285,
      3.2044079303741455,
      2.7849059104919434,
      2.4334959983825684,
      2.1453139781951904,
      1.901563048362732,
      1.6894290447235107,
      1.4963569641113281
    ],
    "mfcc_std": [
      105.71844482421875,
      4.862559795379639,
      2.697779893875122,
      2.0106680393218994,
      1.6112710237503052,
      1.3662290573120117,
      1.1808240413665771,
      1.0655250549316406,
      0.9454230070114136,
      0.859021008014679,
      0.7819390296936035,
      0.7255709767341614,
      0.6612510085105896
    ]
  },
  "substyles": {
    "amped": {
      "f0_mean_hz": 222.6966094970703,
      "f0_median_hz": 218.31683349609375,
      "f0_std_hz": 45.9841423034668,
      "f0_range_hz": 62.04545593261719,
      "intensity_mean_db": -14.891663551330566,
      "intensity_std_db": 3.111616373062134,
      "jitter_local": 0.012419797480106354,
      "shimmer_local_db": 0.19541232287883759,
      "hnr_db": 7.146056175231934,
      "voiced_ratio": 0.7972972972972973,
      "speech_rate_syllables_per_sec": 8.666666666666666,
      "pause_rate_per_min": 80.0,
      "mean_pause_ms": 134.69387817382812,
      "max_pause_ms": 199.54649353027344,
      "long_pause_ratio": 0.0,
      "silence_ratio": 0.20270270270270271,
      "spectral_centroid_hz": 1069.6884361523325,
      "spectral_rolloff_hz": 2080.62671218874,
      "burstiness": 0.4929090142250061,
      "final_pitch_delta_hz": -31.632293701171875,
      "mfcc_mean": [
        -70.57447052001953,
        15.3616943359375,
        8.487539291381836,
        6.067245006561279,
        4.779399871826172,
        3.953871965408325,
        3.3520209789276123,
        2.904226064682007,
        2.5315730571746826,
        2.2318739891052246,
        1.9713629484176636,
        1.7432769536972046,
        1.541295051574707
      ],
      "mfcc_std": [
        83.25418090820312,
        4.637462139129639,
        2.3417699337005615,
        1.8017200231552124,
        1.4262789487838745,
        1.2245190143585205,
        1.0639029741287231,
        0.9560790061950684,
        0.8526309728622437,
        0.7842360138893127,
        0.7144740223884583,
        0.660830020904541,
        0.6178069710731506
      ]
    },
    "neutral": {
      "f0_mean_hz": 204.10963439941406,
      "f0_median_hz": 208.1856231689453,
      "f0_std_hz": 40.33966064453125,
      "f0_range_hz": 48.299415588378906,
      "intensity_mean_db": -17.60015106201172,
      "intensity_std_db": 3.5396018028259277,
      "jitter_local": 0.01287941262125969,
      "shimmer_local_db": 0.2583370879292488,
      "hnr_db": 6.64905858039856,
      "voiced_ratio": 0.7972972972972973,
      "speech_rate_syllables_per_sec": 12.666666666666668,
      "pause_rate_per_min": 100.0,
      "mean_pause_ms": 114.73922729492188,
      "max_pause_ms": 144.67119598388672,
      "long_pause_ratio": 0.0,
      "silence_ratio": 0.20270270270270271,
      "spectral_centroid_hz": 1036.6762443432965,
      "spectral_rolloff_hz": 2051.550680786687,
      "burstiness": 0.558258980512619,
      "final_pitch_delta_hz": -37.44715881347656,
      "mfcc_mean": [
        -94.94828033447266,
        14.1995849609375,
        7.932294845581055,
        5.628674030303955,
        4.451618194580078,
        3.678989887237549,
        3.1306018829345703,
        2.725245952606201,
        2.384458065032959,
        2.102034091949463,
        1.8666629791259766,
        1.662503957748413,
        1.4738880395889282
      ],
      "mfcc_std": [
        116.95056915283203,
        4.975110054016113,
        2.875786066055298,
        2.1151421070098877,
        1.703768014907837,
        1.4370839595794678,
        1.2392840385437012,
        1.1202479600906372,
        0.9918199777603149,
        0.8964130282402039,
        0.8156710267066956,
        0.7579420208930969,
        0.6829730272293091
      ]
    }
  },
  "source_manifest": "data\\manifests\\demo_character.csv",
  "clip_count": 3
}