{
  "character": "jeff_absurd_enumeration",
  "global": {
    "f0_mean_hz": 130.01568349202475,
    "f0_median_hz": 114.74673970540364,
    "f0_std_hz": 51.15588506062826,
    "f0_range_hz": 36.88995615641276,
    "intensity_mean_db": -24.595385869344074,
    "intensity_std_db": 3.7018553415934243,
    "jitter_local": 0.10749372839927673,
    "shimmer_local_db": 0.8353226780891418,
    "hnr_db": 1.5925564368565877,
    "voiced_ratio": 0.755240153183825,
    "speech_rate_syllables_per_sec": 3.2060987790597064,
    "pause_rate_per_min": 64.50279487295803,
    "mean_pause_ms": 185.74716440836588,
    "max_pause_ms": 445.6538340250651,
    "long_pause_ratio": 0.06666666666666667,
    "silence_ratio": 0.24475984681617505,
    "spectral_centroid_hz": 1631.0203611641498,
    "spectral_rolloff_hz": 2961.005183286105,
    "burstiness": 0.6384321451187134,
    "final_pitch_delta_hz": 12.140752156575521,
    "mfcc_mean": [
      -74.26856231689453,
      18.763317108154297,
      6.662837982177734,
      4.46557092666626,
      2.296034097671509,
      2.614964008331299,
      1.7463610172271729,
      2.4584898948669434,
      1.294152021408081,
      1.1966969966888428,
      1.6579480171203613,
      1.6786160469055176,
      1.2329410314559937
    ],
    "mfcc_std": [
      44.44016647338867,
      6.856040954589844,
      8.0620698928833,
      3.738939046859741,
      3.523771047592163,
      2.121079921722412,
      1.8479479551315308,
      1.748831033706665,
      1.5521010160446167,
      1.6244750022888184,
      1.869156002998352,
      1.6405800580978394,
      1.4223860502243042
    ]
  },
  "substyles": {
    "absurd_enumeration": {
      "f0_mean_hz": 130.01568349202475,
      "f0_median_hz": 114.74673970540364,
      "f0_std_hz": 51.15588506062826,
      "f0_range_hz": 36.88995615641276,
      "intensity_mean_db": -24.595385869344074,
      "intensity_std_db": 3.7018553415934243,
      "jitter_local": 0.10749372839927673,
      "shimmer_local_db": 0.8353226780891418,
      "hnr_db": 1.5925564368565877,
      "voiced_ratio": 0.755240153183825,
      "speech_rate_syllables_per_sec": 3.2060987790597064,
      "pause_rate_per_min": 64.50279487295803,
      "mean_pause_ms": 185.74716440836588,
      "max_pause_ms": 445.6538340250651,
      "long_pause_ratio": 0.06666666666666667,
      "silence_ratio": 0.24475984681617505,
      "spectral_centroid_hz": 1631.0203611641498,
      "spectral_rolloff_hz": 2961.005183286105,
      "burstiness": 0.6384321451187134,
      "final_pitch_delta_hz": 12.140752156575521,
      "mfcc_mean": [
        -74.26856231689453,
        18.763317108154297,
        6.662837982177734,
        4.46557092666626,
        2.296034097671509,
        2.614964008331299,
        1.7463610172271729,
        2.4584898948669434,
        1.294152021408081,
        1.1966969966888428,
        1.6579480171203613,
        1.6786160469055176,
        1.2329410314559937
      ],
      "mfcc_std": [
        44.44016647338867,
        6.856040954589844,
        8.0620698928833,
        3.738939046859741,
        3.523771047592163,
        2.121079921722412,
        1.8479479551315308,
        1.748831033706665,
        1.5521010160446167,
        1.6244750022888184,
        1.869156002998352,
        1.6405800580978394,
        1.4223860502243042
      ]
    }
  },
  "source_manifest": "C:\\dev\\aro-voice-style-lab\\data\\manifests\\jeff_absurd_enumeration.csv",
  "clip_count": 3
}