{
  "character": "jeff_dry_aside",
  "global": {
    "f0_mean_hz": 132.5594700404576,
    "f0_median_hz": 117.67550877162388,
    "f0_std_hz": 50.740804944719585,
    "f0_range_hz": 38.19146483285086,
    "intensity_mean_db": -23.972215379987443,
    "intensity_std_db": 3.957864727292742,
    "jitter_local": 0.10100586552705083,
    "shimmer_local_db": 1.0737317970820837,
    "hnr_db": 1.1609561230455125,
    "voiced_ratio": 0.7674060971607416,
    "speech_rate_syllables_per_sec": 3.7136878373993087,
    "pause_rate_per_min": 75.87567425349485,
    "mean_pause_ms": 184.34293474469865,
    "max_pause_ms": 283.64107295445035,
    "long_pause_ratio": 0.16666666666666666,
    "silence_ratio": 0.23259390283925835,
    "spectral_centroid_hz": 1980.7678865946307,
    "spectral_rolloff_hz": 3728.0754896125572,
    "burstiness": 0.659833835703986,
    "final_pitch_delta_hz": 3.274123055594308,
    "mfcc_mean": [
      -68.494140625,
      18.53433609008789,
      4.596816062927246,
      3.413050889968872,
      1.7078770399093628,
      3.1213510036468506,
      1.6958210468292236,
      2.0540618896484375,
      0.3456859886646271,
      0.7214000225067139,
      1.1776429414749146,
      1.0926690101623535,
      0.8983160257339478
    ],
    "mfcc_std": [
      43.85554885864258,
      7.7188401222229,
      7.356882095336914,
      3.2152059078216553,
      3.1357839107513428,
      2.690840005874634,
      2.2796430587768555,
      1.8792099952697754,
      1.8872359991073608,
      1.6105289459228516,
      1.6033309698104858,
      1.5670139789581299,
      1.510530948638916
    ]
  },
  "substyles": {
    "dry_aside": {
      "f0_mean_hz": 132.5594700404576,
      "f0_median_hz": 117.67550877162388,
      "f0_std_hz": 50.740804944719585,
      "f0_range_hz": 38.19146483285086,
      "intensity_mean_db": -23.972215379987443,
      "intensity_std_db": 3.957864727292742,
      "jitter_local": 0.10100586552705083,
      "shimmer_local_db": 1.0737317970820837,
      "hnr_db": 1.1609561230455125,
      "voiced_ratio": 0.7674060971607416,
      "speech_rate_syllables_per_sec": 3.7136878373993087,
      "pause_rate_per_min": 75.87567425349485,
      "mean_pause_ms": 184.34293474469865,
      "max_pause_ms": 283.64107295445035,
      "long_pause_ratio": 0.16666666666666666,
      "silence_ratio": 0.23259390283925835,
      "spectral_centroid_hz": 1980.7678865946307,
      "spectral_rolloff_hz": 3728.0754896125572,
      "burstiness": 0.659833835703986,
      "final_pitch_delta_hz": 3.274123055594308,
      "mfcc_mean": [
        -68.494140625,
        18.53433609008789,
        4.596816062927246,
        3.413050889968872,
        1.7078770399093628,
        3.1213510036468506,
        1.6958210468292236,
        2.0540618896484375,
        0.3456859886646271,
        0.7214000225067139,
        1.1776429414749146,
        1.0926690101623535,
        0.8983160257339478
      ],
      "mfcc_std": [
        43.85554885864258,
        7.7188401222229,
        7.356882095336914,
        3.2152059078216553,
        3.1357839107513428,
        2.690840005874634,
        2.2796430587768555,
        1.8792099952697754,
        1.8872359991073608,
        1.6105289459228516,
        1.6033309698104858,
        1.5670139789581299,
        1.510530948638916
      ]
    }
  },
  "source_manifest": "C:\\dev\\aro-voice-style-lab\\data\\manifests\\jeff_dry_aside.csv",
  "clip_count": 7
}