{
  "character": "jeff_host_setup_holding",
  "global": {
    "f0_mean_hz": 158.0903778076172,
    "f0_median_hz": 153.125,
    "f0_std_hz": 33.404296875,
    "f0_range_hz": 40.01008605957031,
    "intensity_mean_db": -19.387250900268555,
    "intensity_std_db": 3.493589401245117,
    "jitter_local": 0.03491082414984703,
    "shimmer_local_db": 0.8269603848457336,
    "hnr_db": 4.120794296264648,
    "voiced_ratio": 0.79890560875513,
    "speech_rate_syllables_per_sec": 2.0499084374231282,
    "pause_rate_per_min": 73.79670374723263,
    "mean_pause_ms": 151.87705993652344,
    "max_pause_ms": 329.251708984375,
    "long_pause_ratio": 0.0,
    "silence_ratio": 0.20109439124487005,
    "spectral_centroid_hz": 1889.2550759879214,
    "spectral_rolloff_hz": 3547.232046954517,
    "burstiness": 0.6008874773979187,
    "final_pitch_delta_hz": 2.3007354736328125,
    "mfcc_mean": [
      -53.09785461425781,
      18.94523811340332,
      6.251071929931641,
      4.117238998413086,
      2.262995958328247,
      2.7994399070739746,
      1.5962070226669312,
      2.516796112060547,
      0.28247499465942383,
      0.20451200008392334,
      1.455288052558899,
      1.4386210441589355,
      0.6324570178985596
    ],
    "mfcc_std": [
      33.62565231323242,
      7.733384132385254,
      5.772928237915039,
      2.858609914779663,
      2.8118810653686523,
      2.267965078353882,
      2.385399103164673,
      2.2409119606018066,
      1.8946199417114258,
      2.054640054702759,
      1.7084020376205444,
      1.5355080366134644,
      1.6287440061569214
    ]
  },
  "substyles": {
    "host_setup": {
      "f0_mean_hz": 158.0903778076172,
      "f0_median_hz": 153.125,
      "f0_std_hz": 33.404296875,
      "f0_range_hz": 40.01008605957031,
      "intensity_mean_db": -19.387250900268555,
      "intensity_std_db": 3.493589401245117,
      "jitter_local": 0.03491082414984703,
      "shimmer_local_db": 0.8269603848457336,
      "hnr_db": 4.120794296264648,
      "voiced_ratio": 0.79890560875513,
      "speech_rate_syllables_per_sec": 2.0499084374231282,
      "pause_rate_per_min": 73.79670374723263,
      "mean_pause_ms": 151.87705993652344,
      "max_pause_ms": 329.251708984375,
      "long_pause_ratio": 0.0,
      "silence_ratio": 0.20109439124487005,
      "spectral_centroid_hz": 1889.2550759879214,
      "spectral_rolloff_hz": 3547.232046954517,
      "burstiness": 0.6008874773979187,
      "final_pitch_delta_hz": 2.3007354736328125,
      "mfcc_mean": [
        -53.09785461425781,
        18.94523811340332,
        6.251071929931641,
        4.117238998413086,
        2.262995958328247,
        2.7994399070739746,
        1.5962070226669312,
        2.516796112060547,
        0.28247499465942383,
        0.20451200008392334,
        1.455288052558899,
        1.4386210441589355,
        0.6324570178985596
      ],
      "mfcc_std": [
        33.62565231323242,
        7.733384132385254,
        5.772928237915039,
        2.858609914779663,
        2.8118810653686523,
        2.267965078353882,
        2.385399103164673,
        2.2409119606018066,
        1.8946199417114258,
        2.054640054702759,
        1.7084020376205444,
        1.5355080366134644,
        1.6287440061569214
      ]
    }
  },
  "source_manifest": "C:\\dev\\aro-voice-style-lab\\data\\manifests\\jeff_host_setup_holding.csv",
  "clip_count": 1
}