{
  "character": "jeff_rambling_pitch",
  "global": {
    "f0_mean_hz": 146.94800313313803,
    "f0_median_hz": 137.1195526123047,
    "f0_std_hz": 42.05401929219564,
    "f0_range_hz": 54.129469871520996,
    "intensity_mean_db": -19.47497304280599,
    "intensity_std_db": 3.632389863332113,
    "jitter_local": 0.06641635112464428,
    "shimmer_local_db": 0.9861523707707723,
    "hnr_db": 2.5371434489885965,
    "voiced_ratio": 0.7684496099379085,
    "speech_rate_syllables_per_sec": 4.15320089046501,
    "pause_rate_per_min": 76.81792138832003,
    "mean_pause_ms": 246.0598347981771,
    "max_pause_ms": 300.9826240539551,
    "long_pause_ratio": 0.1875,
    "silence_ratio": 0.23155039006209147,
    "spectral_centroid_hz": 1617.1916863592767,
    "spectral_rolloff_hz": 3049.1020691411036,
    "burstiness": 0.6156085034211477,
    "final_pitch_delta_hz": 16.64924494425456,
    "mfcc_mean": [
      -73.3695297241211,
      19.403860092163086,
      6.009923934936523,
      3.437238931655884,
      2.433419942855835,
      3.132904052734375,
      1.5681359767913818,
      1.6010509729385376,
      0.24698999524116516,
      0.5624719858169556,
      1.3486939668655396,
      1.3596559762954712,
      1.161234974861145
    ],
    "mfcc_std": [
      60.14085388183594,
      7.649700164794922,
      6.249276161193848,
      3.1052050590515137,
      2.6179609298706055,
      2.3871030807495117,
      2.1343610286712646,
      1.7530629634857178,
      1.778952956199646,
      1.6613919734954834,
      1.8591829538345337,
      1.6939719915390015,
      1.6358530521392822
    ]
  },
  "substyles": {
    "rambling_pitch": {
      "f0_mean_hz": 146.94800313313803,
      "f0_median_hz": 137.1195526123047,
      "f0_std_hz": 42.05401929219564,
      "f0_range_hz": 54.129469871520996,
      "intensity_mean_db": -19.47497304280599,
      "intensity_std_db": 3.632389863332113,
      "jitter_local": 0.06641635112464428,
      "shimmer_local_db": 0.9861523707707723,
      "hnr_db": 2.5371434489885965,
      "voiced_ratio": 0.7684496099379085,
      "speech_rate_syllables_per_sec": 4.15320089046501,
      "pause_rate_per_min": 76.81792138832003,
      "mean_pause_ms": 246.0598347981771,
      "max_pause_ms": 300.9826240539551,
      "long_pause_ratio": 0.1875,
      "silence_ratio": 0.23155039006209147,
      "spectral_centroid_hz": 1617.1916863592767,
      "spectral_rolloff_hz": 3049.1020691411036,
      "burstiness": 0.6156085034211477,
      "final_pitch_delta_hz": 16.64924494425456,
      "mfcc_mean": [
        -73.3695297241211,
        19.403860092163086,
        6.009923934936523,
        3.437238931655884,
        2.433419942855835,
        3.132904052734375,
        1.5681359767913818,
        1.6010509729385376,
        0.24698999524116516,
        0.5624719858169556,
        1.3486939668655396,
        1.3596559762954712,
        1.161234974861145
      ],
      "mfcc_std": [
        60.14085388183594,
        7.649700164794922,
        6.249276161193848,
        3.1052050590515137,
        2.6179609298706055,
        2.3871030807495117,
        2.1343610286712646,
        1.7530629634857178,
        1.778952956199646,
        1.6613919734954834,
        1.8591829538345337,
        1.6939719915390015,
        1.6358530521392822
      ]
    }
  },
  "source_manifest": "C:\\dev\\aro-voice-style-lab\\data\\manifests\\jeff_rambling_pitch.csv",
  "clip_count": 6
}