{
  "character": "jeff_disfluent_question",
  "global": {
    "f0_mean_hz": 117.11297353108723,
    "f0_median_hz": 98.55383555094402,
    "f0_std_hz": 53.192335764567055,
    "f0_range_hz": 25.828226725260418,
    "intensity_mean_db": -27.419849395751953,
    "intensity_std_db": 3.827577749888102,
    "jitter_local": 0.13244378318389258,
    "shimmer_local_db": 1.0836260716120403,
    "hnr_db": 0.2657771557569504,
    "voiced_ratio": 0.7714219987672125,
    "speech_rate_syllables_per_sec": 3.3759350691861445,
    "pause_rate_per_min": 71.25521913748433,
    "mean_pause_ms": 163.21239471435547,
    "max_pause_ms": 442.3280334472656,
    "long_pause_ratio": 0.125,
    "silence_ratio": 0.22857800123278751,
    "spectral_centroid_hz": 1854.9252855237194,
    "spectral_rolloff_hz": 3251.671890869391,
    "burstiness": 0.668317953745524,
    "final_pitch_delta_hz": 0.10056559244791667,
    "mfcc_mean": [
      -80.84436798095703,
      18.511320114135742,
      5.526879787445068,
      4.724987983703613,
      1.512091040611267,
      2.040832042694092,
      1.3201179504394531,
      2.2789230346679688,
      0.4497460126876831,
      0.8963969945907593,
      1.4775569438934326,
      1.138051986694336,
      0.6834020018577576
    ],
    "mfcc_std": [
      53.40898513793945,
      7.704491138458252,
      7.8335700035095215,
      3.988516092300415,
      3.380157947540283,
      2.3682520389556885,
      2.1917200088500977,
      2.025857925415039,
      1.7473759651184082,
      1.493366003036499,
      1.72707998752594,
      1.671494960784912,
      1.516219973564148
    ]
  },
  "substyles": {
    "disfluent_question": {
      "f0_mean_hz": 117.11297353108723,
      "f0_median_hz": 98.55383555094402,
      "f0_std_hz": 53.192335764567055,
      "f0_range_hz": 25.828226725260418,
      "intensity_mean_db": -27.419849395751953,
      "intensity_std_db": 3.827577749888102,
      "jitter_local": 0.13244378318389258,
      "shimmer_local_db": 1.0836260716120403,
      "hnr_db": 0.2657771557569504,
      "voiced_ratio": 0.7714219987672125,
      "speech_rate_syllables_per_sec": 3.3759350691861445,
      "pause_rate_per_min": 71.25521913748433,
      "mean_pause_ms": 163.21239471435547,
      "max_pause_ms": 442.3280334472656,
      "long_pause_ratio": 0.125,
      "silence_ratio": 0.22857800123278751,
      "spectral_centroid_hz": 1854.9252855237194,
      "spectral_rolloff_hz": 3251.671890869391,
      "burstiness": 0.668317953745524,
      "final_pitch_delta_hz": 0.10056559244791667,
      "mfcc_mean": [
        -80.84436798095703,
        18.511320114135742,
        5.526879787445068,
        4.724987983703613,
        1.512091040611267,
        2.040832042694092,
        1.3201179504394531,
        2.2789230346679688,
        0.4497460126876831,
        0.8963969945907593,
        1.4775569438934326,
        1.138051986694336,
        0.6834020018577576
      ],
      "mfcc_std": [
        53.40898513793945,
        7.704491138458252,
        7.8335700035095215,
        3.988516092300415,
        3.380157947540283,
        2.3682520389556885,
        2.1917200088500977,
        2.025857925415039,
        1.7473759651184082,
        1.493366003036499,
        1.72707998752594,
        1.671494960784912,
        1.516219973564148
      ]
    }
  },
  "source_manifest": "C:\\dev\\aro-voice-style-lab\\data\\manifests\\jeff_disfluent_question.csv",
  "clip_count": 3
}