{
  "character": "steve_host_setup_holding",
  "global": {
    "f0_mean_hz": 211.16363525390625,
    "f0_median_hz": 201.68067932128906,
    "f0_std_hz": 50.73301696777344,
    "f0_range_hz": 72.8804931640625,
    "intensity_mean_db": -27.135461807250977,
    "intensity_std_db": 4.649907112121582,
    "jitter_local": 0.06221886724233627,
    "shimmer_local_db": 1.2446266412734985,
    "hnr_db": 4.048820972442627,
    "voiced_ratio": 0.6835334476843911,
    "speech_rate_syllables_per_sec": 2.0540207456095305,
    "pause_rate_per_min": 56.48557050426209,
    "mean_pause_ms": 302.7272644042969,
    "max_pause_ms": 1140.0,
    "long_pause_ratio": 0.2727272727272727,
    "silence_ratio": 0.31646655231560894,
    "spectral_centroid_hz": 5311.84951309562,
    "spectral_rolloff_hz": 8221.526586620927,
    "burstiness": 0.8498442769050598,
    "final_pitch_delta_hz": -10.549972534179688,
    "mfcc_mean": [
      -101.8502197265625,
      16.334989547729492,
      12.614104270935059,
      3.910526990890503,
      0.9864410161972046,
      1.159844994544983,
      1.0888500213623047,
      0.8733720183372498,
      1.0485759973526,
      0.856365978717804,
      0.46205100417137146,
      0.7100920081138611,
      1.3955169916152954
    ],
    "mfcc_std": [
      50.17361831665039,
      16.034276962280273,
      4.70623779296875,
      4.250189781188965,
      4.0711350440979,
      3.4071919918060303,
      1.9881830215454102,
      1.7040139436721802,
      1.2770659923553467,
      1.3987090587615967,
      1.4740099906921387,
      1.330739974975586,
      1.104032039642334
    ]
  },
  "substyles": {
    "host_setup_holding": {
      "f0_mean_hz": 211.16363525390625,
      "f0_median_hz": 201.68067932128906,
      "f0_std_hz": 50.73301696777344,
      "f0_range_hz": 72.8804931640625,
      "intensity_mean_db": -27.135461807250977,
      "intensity_std_db": 4.649907112121582,
      "jitter_local": 0.06221886724233627,
      "shimmer_local_db": 1.2446266412734985,
      "hnr_db": 4.048820972442627,
      "voiced_ratio": 0.6835334476843911,
      "speech_rate_syllables_per_sec": 2.0540207456095305,
      "pause_rate_per_min": 56.48557050426209,
      "mean_pause_ms": 302.7272644042969,
      "max_pause_ms": 1140.0,
      "long_pause_ratio": 0.2727272727272727,
      "silence_ratio": 0.31646655231560894,
      "spectral_centroid_hz": 5311.84951309562,
      "spectral_rolloff_hz": 8221.526586620927,
      "burstiness": 0.8498442769050598,
      "final_pitch_delta_hz": -10.549972534179688,
      "mfcc_mean": [
        -101.8502197265625,
        16.334989547729492,
        12.614104270935059,
        3.910526990890503,
        0.9864410161972046,
        1.159844994544983,
        1.0888500213623047,
        0.8733720183372498,
        1.0485759973526,
        0.856365978717804,
        0.46205100417137146,
        0.7100920081138611,
        1.3955169916152954
      ],
      "mfcc_std": [
        50.17361831665039,
        16.034276962280273,
        4.70623779296875,
        4.250189781188965,
        4.0711350440979,
        3.4071919918060303,
        1.9881830215454102,
        1.7040139436721802,
        1.2770659923553467,
        1.3987090587615967,
        1.4740099906921387,
        1.330739974975586,
        1.104032039642334
      ]
    }
  },
  "source_manifest": "C:\\dev\\aro-voice-style-lab\\data\\manifests\\steve_host_setup_holding.csv",
  "clip_count": 1
}