{
  "character": "steve_clipped_question",
  "global": {
    "f0_mean_hz": 202.4999542236328,
    "f0_median_hz": 201.7697296142578,
    "f0_std_hz": 51.53907012939453,
    "f0_range_hz": 67.35593795776367,
    "intensity_mean_db": -27.59907627105713,
    "intensity_std_db": 3.9282995462417603,
    "jitter_local": 0.09366283193230629,
    "shimmer_local_db": 1.2187097072601318,
    "hnr_db": 2.6359922885894775,
    "voiced_ratio": 0.7126243834288484,
    "speech_rate_syllables_per_sec": 4.282358159425053,
    "pause_rate_per_min": 130.76477876182207,
    "mean_pause_ms": 118.33333587646484,
    "max_pause_ms": 300.0,
    "long_pause_ratio": 0.045454545454545456,
    "silence_ratio": 0.2873756165711516,
    "spectral_centroid_hz": 4361.333564829712,
    "spectral_rolloff_hz": 6847.961632404794,
    "burstiness": 0.7167044579982758,
    "final_pitch_delta_hz": -61.15818786621094,
    "mfcc_mean": [
      -92.18585968017578,
      20.28727912902832,
      12.837404251098633,
      3.67427396774292,
      0.2297780066728592,
      0.03130500018596649,
      0.3877359926700592,
      0.6010220050811768,
      0.6113960146903992,
      0.25045299530029297,
      0.014135000295937061,
      0.5082119703292847,
      1.347599983215332
    ],
    "mfcc_std": [
      41.359344482421875,
      12.986747741699219,
      4.429619789123535,
      4.387085914611816,
      4.698875904083252,
      3.7569499015808105,
      2.1305160522460938,
      1.6280440092086792,
      1.4232289791107178,
      1.4541419744491577,
      1.2600860595703125,
      0.9803879857063293,
      0.8531349897384644
    ]
  },
  "substyles": {
    "clipped_question": {
      "f0_mean_hz": 202.4999542236328,
      "f0_median_hz": 201.7697296142578,
      "f0_std_hz": 51.53907012939453,
      "f0_range_hz": 67.35593795776367,
      "intensity_mean_db": -27.59907627105713,
      "intensity_std_db": 3.9282995462417603,
      "jitter_local": 0.09366283193230629,
      "shimmer_local_db": 1.2187097072601318,
      "hnr_db": 2.6359922885894775,
      "voiced_ratio": 0.7126243834288484,
      "speech_rate_syllables_per_sec": 4.282358159425053,
      "pause_rate_per_min": 130.76477876182207,
      "mean_pause_ms": 118.33333587646484,
      "max_pause_ms": 300.0,
      "long_pause_ratio": 0.045454545454545456,
      "silence_ratio": 0.2873756165711516,
      "spectral_centroid_hz": 4361.333564829712,
      "spectral_rolloff_hz": 6847.961632404794,
      "burstiness": 0.7167044579982758,
      "final_pitch_delta_hz": -61.15818786621094,
      "mfcc_mean": [
        -92.18585968017578,
        20.28727912902832,
        12.837404251098633,
        3.67427396774292,
        0.2297780066728592,
        0.03130500018596649,
        0.3877359926700592,
        0.6010220050811768,
        0.6113960146903992,
        0.25045299530029297,
        0.014135000295937061,
        0.5082119703292847,
        1.347599983215332
      ],
      "mfcc_std": [
        41.359344482421875,
        12.986747741699219,
        4.429619789123535,
        4.387085914611816,
        4.698875904083252,
        3.7569499015808105,
        2.1305160522460938,
        1.6280440092086792,
        1.4232289791107178,
        1.4541419744491577,
        1.2600860595703125,
        0.9803879857063293,
        0.8531349897384644
      ]
    }
  },
  "source_manifest": "C:\\dev\\aro-voice-style-lab\\data\\manifests\\steve_clipped_question.csv",
  "clip_count": 2
}