{
  "character": "steve_irritated_correction",
  "global": {
    "f0_mean_hz": 220.2214241027832,
    "f0_median_hz": 217.59201049804688,
    "f0_std_hz": 39.95474863052368,
    "f0_range_hz": 50.40402412414551,
    "intensity_mean_db": -26.143742561340332,
    "intensity_std_db": 3.933908462524414,
    "jitter_local": 0.053241568617522717,
    "shimmer_local_db": 1.0776843130588531,
    "hnr_db": 3.4832537174224854,
    "voiced_ratio": 0.7547476649361251,
    "speech_rate_syllables_per_sec": 2.894444098707627,
    "pause_rate_per_min": 130.28951585846593,
    "mean_pause_ms": 100.35714530944824,
    "max_pause_ms": 147.5,
    "long_pause_ratio": 0.0,
    "silence_ratio": 0.24525233506387495,
    "spectral_centroid_hz": 3201.9654453238704,
    "spectral_rolloff_hz": 5496.593169079561,
    "burstiness": 0.6543902158737183,
    "final_pitch_delta_hz": -40.11693572998047,
    "mfcc_mean": [
      -84.30107116699219,
      23.51849937438965,
      14.417606353759766,
      4.765787124633789,
      0.7785469889640808,
      0.07848799973726273,
      0.42702001333236694,
      0.8778570294380188,
      0.8122379779815674,
      0.2942520081996918,
      0.022904999554157257,
      0.44106900691986084,
      1.1575510501861572
    ],
    "mfcc_std": [
      36.003135681152344,
      8.776110649108887,
      4.132621765136719,
      3.2269020080566406,
      3.512305974960327,
      2.550724983215332,
      1.5804059505462646,
      1.4141579866409302,
      1.194139003753662,
      1.2386690378189087,
      1.351662039756775,
      1.0808850526809692,
      0.8682760000228882
    ]
  },
  "substyles": {
    "irritated_correction": {
      "f0_mean_hz": 220.2214241027832,
      "f0_median_hz": 217.59201049804688,
      "f0_std_hz": 39.95474863052368,
      "f0_range_hz": 50.40402412414551,
      "intensity_mean_db": -26.143742561340332,
      "intensity_std_db": 3.933908462524414,
      "jitter_local": 0.053241568617522717,
      "shimmer_local_db": 1.0776843130588531,
      "hnr_db": 3.4832537174224854,
      "voiced_ratio": 0.7547476649361251,
      "speech_rate_syllables_per_sec": 2.894444098707627,
      "pause_rate_per_min": 130.28951585846593,
      "mean_pause_ms": 100.35714530944824,
      "max_pause_ms": 147.5,
      "long_pause_ratio": 0.0,
      "silence_ratio": 0.24525233506387495,
      "spectral_centroid_hz": 3201.9654453238704,
      "spectral_rolloff_hz": 5496.593169079561,
      "burstiness": 0.6543902158737183,
      "final_pitch_delta_hz": -40.11693572998047,
      "mfcc_mean": [
        -84.30107116699219,
        23.51849937438965,
        14.417606353759766,
        4.765787124633789,
        0.7785469889640808,
        0.07848799973726273,
        0.42702001333236694,
        0.8778570294380188,
        0.8122379779815674,
        0.2942520081996918,
        0.022904999554157257,
        0.44106900691986084,
        1.1575510501861572
      ],
      "mfcc_std": [
        36.003135681152344,
        8.776110649108887,
        4.132621765136719,
        3.2269020080566406,
        3.512305974960327,
        2.550724983215332,
        1.5804059505462646,
        1.4141579866409302,
        1.194139003753662,
        1.2386690378189087,
        1.351662039756775,
        1.0808850526809692,
        0.8682760000228882
      ]
    }
  },
  "source_manifest": "C:\\dev\\aro-voice-style-lab\\data\\manifests\\steve_irritated_correction.csv",
  "clip_count": 4
}