{
  "character": "steve_reaction_short",
  "global": {
    "f0_mean_hz": 183.22601318359375,
    "f0_median_hz": 183.90805053710938,
    "f0_std_hz": 26.18609619140625,
    "f0_range_hz": 34.264076232910156,
    "intensity_mean_db": -24.44032859802246,
    "intensity_std_db": 1.5697264671325684,
    "jitter_local": 0.007792351301759481,
    "shimmer_local_db": 0.32488346099853516,
    "hnr_db": 5.486476898193359,
    "voiced_ratio": 0.7972027972027972,
    "speech_rate_syllables_per_sec": 2.064693737095664,
    "pause_rate_per_min": 82.58774948382656,
    "mean_pause_ms": 110.0,
    "max_pause_ms": 130.0,
    "long_pause_ratio": 0.0,
    "silence_ratio": 0.20279720279720279,
    "spectral_centroid_hz": 2196.592592808657,
    "spectral_rolloff_hz": 3697.2027972027972,
    "burstiness": 0.37556999921798706,
    "final_pitch_delta_hz": -50.23699951171875,
    "mfcc_mean": [
      -75.20764923095703,
      21.75995635986328,
      13.084589004516602,
      7.082886219024658,
      3.9239180088043213,
      2.2271170616149902,
      1.710515022277832,
      1.693701982498169,
      1.663437008857727,
      1.5119919776916504,
      1.376613974571228,
      1.424394965171814,
      1.5191279649734497
    ],
    "mfcc_std": [
      25.0887393951416,
      5.842394828796387,
      4.073465824127197,
      1.2941819429397583,
      1.2186839580535889,
      1.0576670169830322,
      1.1093330383300781,
      1.2401529550552368,
      1.217887043952942,
      1.0143749713897705,
      0.7801790237426758,
      0.6517530083656311,
      0.8307260274887085
    ]
  },
  "substyles": {
    "reaction_short": {
      "f0_mean_hz": 183.22601318359375,
      "f0_median_hz": 183.90805053710938,
      "f0_std_hz": 26.18609619140625,
      "f0_range_hz": 34.264076232910156,
      "intensity_mean_db": -24.44032859802246,
      "intensity_std_db": 1.5697264671325684,
      "jitter_local": 0.007792351301759481,
      "shimmer_local_db": 0.32488346099853516,
      "hnr_db": 5.486476898193359,
      "voiced_ratio": 0.7972027972027972,
      "speech_rate_syllables_per_sec": 2.064693737095664,
      "pause_rate_per_min": 82.58774948382656,
      "mean_pause_ms": 110.0,
      "max_pause_ms": 130.0,
      "long_pause_ratio": 0.0,
      "silence_ratio": 0.20279720279720279,
      "spectral_centroid_hz": 2196.592592808657,
      "spectral_rolloff_hz": 3697.2027972027972,
      "burstiness": 0.37556999921798706,
      "final_pitch_delta_hz": -50.23699951171875,
      "mfcc_mean": [
        -75.20764923095703,
        21.75995635986328,
        13.084589004516602,
        7.082886219024658,
        3.9239180088043213,
        2.2271170616149902,
        1.710515022277832,
        1.693701982498169,
        1.663437008857727,
        1.5119919776916504,
        1.376613974571228,
        1.424394965171814,
        1.5191279649734497
      ],
      "mfcc_std": [
        25.0887393951416,
        5.842394828796387,
        4.073465824127197,
        1.2941819429397583,
        1.2186839580535889,
        1.0576670169830322,
        1.1093330383300781,
        1.2401529550552368,
        1.217887043952942,
        1.0143749713897705,
        0.7801790237426758,
        0.6517530083656311,
        0.8307260274887085
      ]
    }
  },
  "source_manifest": "C:\\dev\\aro-voice-style-lab\\data\\manifests\\steve_reaction_short.csv",
  "clip_count": 1
}