{
  "character": "staccato",
  "global": {
    "f0_mean_hz": 134.7644068400065,
    "f0_median_hz": 119.00718943277995,
    "f0_std_hz": 44.761698404947914,
    "f0_range_hz": 44.47669982910156,
    "intensity_mean_db": -17.897295633951824,
    "intensity_std_db": 3.372460206349691,
    "jitter_local": 0.10464677214622498,
    "shimmer_local_db": 0.7795563737551371,
    "hnr_db": 1.9756027062733967,
    "voiced_ratio": 0.799593228302161,
    "speech_rate_syllables_per_sec": 2.439700852156954,
    "pause_rate_per_min": 68.26807990600969,
    "mean_pause_ms": 152.70056915283203,
    "max_pause_ms": 325.9259287516276,
    "long_pause_ratio": 0.047619047619047616,
    "silence_ratio": 0.20040677169783913,
    "spectral_centroid_hz": 1585.491963240791,
    "spectral_rolloff_hz": 2870.5451922199895,
    "burstiness": 0.5605298380057017,
    "final_pitch_delta_hz": -27.228993733723957,
    "mfcc_mean": [
      -50.329532623291016,
      19.036863327026367,
      7.293002128601074,
      4.821703910827637,
      3.005676031112671,
      3.1271800994873047,
      1.6815060377120972,
      2.1235239505767822,
      1.2317270040512085,
      1.2092809677124023,
      1.5479719638824463,
      1.385802984237671,
      1.0942039489746094
    ],
    "mfcc_std": [
      31.308807373046875,
      6.083124160766602,
      6.62952995300293,
      3.4030818939208984,
      2.857490062713623,
      2.128420114517212,
      2.209157943725586,
      1.5437250137329102,
      1.5595049858093262,
      1.5105630159378052,
      1.3947060108184814,
      1.4966779947280884,
      1.319277048110962
    ]
  },
  "substyles": {
    "neutral": {
      "f0_mean_hz": 134.7644068400065,
      "f0_median_hz": 119.00718943277995,
      "f0_std_hz": 44.761698404947914,
      "f0_range_hz": 44.47669982910156,
      "intensity_mean_db": -17.897295633951824,
      "intensity_std_db": 3.372460206349691,
      "jitter_local": 0.10464677214622498,
      "shimmer_local_db": 0.7795563737551371,
      "hnr_db": 1.9756027062733967,
      "voiced_ratio": 0.799593228302161,
      "speech_rate_syllables_per_sec": 2.439700852156954,
      "pause_rate_per_min": 68.26807990600969,
      "mean_pause_ms": 152.70056915283203,
      "max_pause_ms": 325.9259287516276,
      "long_pause_ratio": 0.047619047619047616,
      "silence_ratio": 0.20040677169783913,
      "spectral_centroid_hz": 1585.491963240791,
      "spectral_rolloff_hz": 2870.5451922199895,
      "burstiness": 0.5605298380057017,
      "final_pitch_delta_hz": -27.228993733723957,
      "mfcc_mean": [
        -50.329532623291016,
        19.036863327026367,
        7.293002128601074,
        4.821703910827637,
        3.005676031112671,
        3.1271800994873047,
        1.6815060377120972,
        2.1235239505767822,
        1.2317270040512085,
        1.2092809677124023,
        1.5479719638824463,
        1.385802984237671,
        1.0942039489746094
      ],
      "mfcc_std": [
        31.308807373046875,
        6.083124160766602,
        6.62952995300293,
        3.4030818939208984,
        2.857490062713623,
        2.128420114517212,
        2.209157943725586,
        1.5437250137329102,
        1.5595049858093262,
        1.5105630159378052,
        1.3947060108184814,
        1.4966779947280884,
        1.319277048110962
      ]
    }
  },
  "source_manifest": "C:\\dev\\aro-voice-style-lab\\data\\processed\\manifests\\staccato.csv",
  "clip_count": 3
}