{
  "character": "clipped_low_latency",
  "global": {
    "f0_mean_hz": 135.84069061279297,
    "f0_median_hz": 124.3689432144165,
    "f0_std_hz": 49.30154752731323,
    "f0_range_hz": 38.891955614089966,
    "intensity_mean_db": -16.92230534553528,
    "intensity_std_db": 3.0008635967969894,
    "jitter_local": 0.10386873502284288,
    "shimmer_local_db": 0.755276508629322,
    "hnr_db": 1.877548985183239,
    "voiced_ratio": 0.799550722894355,
    "speech_rate_syllables_per_sec": 3.165422353613143,
    "pause_rate_per_min": 85.36449087124703,
    "mean_pause_ms": 126.73640251159668,
    "max_pause_ms": 283.1065721511841,
    "long_pause_ratio": 0.009615384615384616,
    "silence_ratio": 0.20044927710564503,
    "spectral_centroid_hz": 1800.164204756788,
    "spectral_rolloff_hz": 3273.376878099668,
    "burstiness": 0.5217467322945595,
    "final_pitch_delta_hz": 1.1357183456420898,
    "mfcc_mean": [
      -42.869667053222656,
      18.9383544921875,
      5.7779221534729,
      4.183423042297363,
      1.7466130256652832,
      3.31364107131958,
      1.939592957496643,
      2.2810070514678955,
      0.7592390179634094,
      0.5902100205421448,
      1.7355760335922241,
      1.8539730310440063,
      1.2842559814453125
    ],
    "mfcc_std": [
      30.58264923095703,
      7.507801055908203,
      7.932390213012695,
      3.395688056945801,
      3.2596828937530518,
      2.3424570560455322,
      2.205286979675293,
      1.705746054649353,
      1.7407699823379517,
      1.6343400478363037,
      1.7688230276107788,
      1.6042009592056274,
      1.4043810367584229
    ]
  },
  "substyles": {
    "neutral": {
      "f0_mean_hz": 135.84069061279297,
      "f0_median_hz": 124.3689432144165,
      "f0_std_hz": 49.30154752731323,
      "f0_range_hz": 38.891955614089966,
      "intensity_mean_db": -16.92230534553528,
      "intensity_std_db": 3.0008635967969894,
      "jitter_local": 0.10386873502284288,
      "shimmer_local_db": 0.755276508629322,
      "hnr_db": 1.877548985183239,
      "voiced_ratio": 0.799550722894355,
      "speech_rate_syllables_per_sec": 3.165422353613143,
      "pause_rate_per_min": 85.36449087124703,
      "mean_pause_ms": 126.73640251159668,
      "max_pause_ms": 283.1065721511841,
      "long_pause_ratio": 0.009615384615384616,
      "silence_ratio": 0.20044927710564503,
      "spectral_centroid_hz": 1800.164204756788,
      "spectral_rolloff_hz": 3273.376878099668,
      "burstiness": 0.5217467322945595,
      "final_pitch_delta_hz": 1.1357183456420898,
      "mfcc_mean": [
        -42.869667053222656,
        18.9383544921875,
        5.7779221534729,
        4.183423042297363,
        1.7466130256652832,
        3.31364107131958,
        1.939592957496643,
        2.2810070514678955,
        0.7592390179634094,
        0.5902100205421448,
        1.7355760335922241,
        1.8539730310440063,
        1.2842559814453125
      ],
      "mfcc_std": [
        30.58264923095703,
        7.507801055908203,
        7.932390213012695,
        3.395688056945801,
        3.2596828937530518,
        2.3424570560455322,
        2.205286979675293,
        1.705746054649353,
        1.7407699823379517,
        1.6343400478363037,
        1.7688230276107788,
        1.6042009592056274,
        1.4043810367584229
      ]
    }
  },
  "source_manifest": "C:\\dev\\aro-voice-style-lab\\data\\processed\\manifests\\clipped_low_latency.csv",
  "clip_count": 8
}