{
  "character": "rambling",
  "global": {
    "f0_mean_hz": 133.01820627848306,
    "f0_median_hz": 123.44459025065105,
    "f0_std_hz": 46.70196787516276,
    "f0_range_hz": 44.94944763183594,
    "intensity_mean_db": -17.022047996520996,
    "intensity_std_db": 3.9872297445933023,
    "jitter_local": 0.09321227793892224,
    "shimmer_local_db": 1.0212358236312866,
    "hnr_db": 1.6069762110710144,
    "voiced_ratio": 0.799745870393901,
    "speech_rate_syllables_per_sec": 3.22166947973113,
    "pause_rate_per_min": 69.38103275422277,
    "mean_pause_ms": 138.95769246419272,
    "max_pause_ms": 369.16099039713544,
    "long_pause_ratio": 0.037037037037037035,
    "silence_ratio": 0.20025412960609912,
    "spectral_centroid_hz": 1767.1039948034743,
    "spectral_rolloff_hz": 3320.808916066105,
    "burstiness": 0.6191474994023641,
    "final_pitch_delta_hz": -2.8791427612304688,
    "mfcc_mean": [
      -44.885009765625,
      19.689098358154297,
      5.812861919403076,
      4.0172648429870605,
      2.502779006958008,
      3.088779926300049,
      1.9327689409255981,
      1.875717043876648,
      0.4784730076789856,
      0.7411109805107117,
      1.4081560373306274,
      1.4436359405517578,
      1.1976460218429565
    ],
    "mfcc_std": [
      33.367733001708984,
      7.058740139007568,
      7.003890037536621,
      3.214092969894409,
      2.9612910747528076,
      2.4528679847717285,
      1.9210009574890137,
      1.6151119470596313,
      1.7776780128479004,
      1.5358669757843018,
      1.5730760097503662,
      1.6280289888381958,
      1.611881971359253
    ]
  },
  "substyles": {
    "neutral": {
      "f0_mean_hz": 133.01820627848306,
      "f0_median_hz": 123.44459025065105,
      "f0_std_hz": 46.70196787516276,
      "f0_range_hz": 44.94944763183594,
      "intensity_mean_db": -17.022047996520996,
      "intensity_std_db": 3.9872297445933023,
      "jitter_local": 0.09321227793892224,
      "shimmer_local_db": 1.0212358236312866,
      "hnr_db": 1.6069762110710144,
      "voiced_ratio": 0.799745870393901,
      "speech_rate_syllables_per_sec": 3.22166947973113,
      "pause_rate_per_min": 69.38103275422277,
      "mean_pause_ms": 138.95769246419272,
      "max_pause_ms": 369.16099039713544,
      "long_pause_ratio": 0.037037037037037035,
      "silence_ratio": 0.20025412960609912,
      "spectral_centroid_hz": 1767.1039948034743,
      "spectral_rolloff_hz": 3320.808916066105,
      "burstiness": 0.6191474994023641,
      "final_pitch_delta_hz": -2.8791427612304688,
      "mfcc_mean": [
        -44.885009765625,
        19.689098358154297,
        5.812861919403076,
        4.0172648429870605,
        2.502779006958008,
        3.088779926300049,
        1.9327689409255981,
        1.875717043876648,
        0.4784730076789856,
        0.7411109805107117,
        1.4081560373306274,
        1.4436359405517578,
        1.1976460218429565
      ],
      "mfcc_std": [
        33.367733001708984,
        7.058740139007568,
        7.003890037536621,
        3.214092969894409,
        2.9612910747528076,
        2.4528679847717285,
        1.9210009574890137,
        1.6151119470596313,
        1.7776780128479004,
        1.5358669757843018,
        1.5730760097503662,
        1.6280289888381958,
        1.611881971359253
      ]
    }
  },
  "source_manifest": "C:\\dev\\aro-voice-style-lab\\data\\processed\\manifests\\rambling.csv",
  "clip_count": 3
}