{
  "character": "restart_disfluent",
  "global": {
    "f0_mean_hz": 135.00148820877075,
    "f0_median_hz": 120.64239454269409,
    "f0_std_hz": 49.326377391815186,
    "f0_range_hz": 46.667444705963135,
    "intensity_mean_db": -17.31591010093689,
    "intensity_std_db": 3.3560319170355797,
    "jitter_local": 0.09189720940776169,
    "shimmer_local_db": 0.8093997351825237,
    "hnr_db": 1.990001991391182,
    "voiced_ratio": 0.7997827974234222,
    "speech_rate_syllables_per_sec": 3.0878569854450237,
    "pause_rate_per_min": 74.87259412931988,
    "mean_pause_ms": 135.90991640090942,
    "max_pause_ms": 342.9705238342285,
    "long_pause_ratio": 0.03677919302919303,
    "silence_ratio": 0.20021720257657796,
    "spectral_centroid_hz": 1722.3146046293086,
    "spectral_rolloff_hz": 3170.623131831856,
    "burstiness": 0.5623337235301733,
    "final_pitch_delta_hz": -3.9427223205566406,
    "mfcc_mean": [
      -45.27804183959961,
      19.33224105834961,
      6.461676120758057,
      4.411736011505127,
      2.3269240856170654,
      3.2749080657958984,
      1.684108018875122,
      2.069489002227783,
      0.6291260123252869,
      0.7134469747543335,
      1.5637619495391846,
      1.3799539804458618,
      0.9689509868621826
    ],
    "mfcc_std": [
      31.294418334960938,
      6.920122146606445,
      6.976079940795898,
      3.3091859817504883,
      3.0324819087982178,
      2.34114408493042,
      2.115648031234741,
      1.7172620296478271,
      1.782742977142334,
      1.6606080532073975,
      1.7260459661483765,
      1.6696150302886963,
      1.491204023361206
    ]
  },
  "substyles": {
    "neutral": {
      "f0_mean_hz": 135.00148820877075,
      "f0_median_hz": 120.64239454269409,
      "f0_std_hz": 49.326377391815186,
      "f0_range_hz": 46.667444705963135,
      "intensity_mean_db": -17.31591010093689,
      "intensity_std_db": 3.3560319170355797,
      "jitter_local": 0.09189720940776169,
      "shimmer_local_db": 0.8093997351825237,
      "hnr_db": 1.990001991391182,
      "voiced_ratio": 0.7997827974234222,
      "speech_rate_syllables_per_sec": 3.0878569854450237,
      "pause_rate_per_min": 74.87259412931988,
      "mean_pause_ms": 135.90991640090942,
      "max_pause_ms": 342.9705238342285,
      "long_pause_ratio": 0.03677919302919303,
      "silence_ratio": 0.20021720257657796,
      "spectral_centroid_hz": 1722.3146046293086,
      "spectral_rolloff_hz": 3170.623131831856,
      "burstiness": 0.5623337235301733,
      "final_pitch_delta_hz": -3.9427223205566406,
      "mfcc_mean": [
        -45.27804183959961,
        19.33224105834961,
        6.461676120758057,
        4.411736011505127,
        2.3269240856170654,
        3.2749080657958984,
        1.684108018875122,
        2.069489002227783,
        0.6291260123252869,
        0.7134469747543335,
        1.5637619495391846,
        1.3799539804458618,
        0.9689509868621826
      ],
      "mfcc_std": [
        31.294418334960938,
        6.920122146606445,
        6.976079940795898,
        3.3091859817504883,
        3.0324819087982178,
        2.34114408493042,
        2.115648031234741,
        1.7172620296478271,
        1.782742977142334,
        1.6606080532073975,
        1.7260459661483765,
        1.6696150302886963,
        1.491204023361206
      ]
    }
  },
  "source_manifest": "C:\\dev\\aro-voice-style-lab\\data\\processed\\manifests\\restart_disfluent.csv",
  "clip_count": 16
}