{
  "character": "pause_heavy",
  "global": {
    "f0_mean_hz": 121.01898193359375,
    "f0_median_hz": 100.45763142903645,
    "f0_std_hz": 50.163421630859375,
    "f0_range_hz": 46.790666580200195,
    "intensity_mean_db": -19.067363103230793,
    "intensity_std_db": 3.6511054039001465,
    "jitter_local": 0.08190784106651942,
    "shimmer_local_db": 0.6837283571561178,
    "hnr_db": 1.8140559792518616,
    "voiced_ratio": 0.8000000000000002,
    "speech_rate_syllables_per_sec": 2.2666666666666666,
    "pause_rate_per_min": 72.0,
    "mean_pause_ms": 144.11690266927084,
    "max_pause_ms": 362.5094502766927,
    "long_pause_ratio": 0.05555555555555555,
    "silence_ratio": 0.20000000000000004,
    "spectral_centroid_hz": 1612.923796966724,
    "spectral_rolloff_hz": 2944.3143721633883,
    "burstiness": 0.6062627832094828,
    "final_pitch_delta_hz": -39.16724141438802,
    "mfcc_mean": [
      -51.74794006347656,
      18.606687545776367,
      7.8495049476623535,
      5.549379825592041,
      2.3708128929138184,
      3.528726100921631,
      0.9441869854927063,
      2.4010610580444336,
      0.7865210175514221,
      0.9214959740638733,
      1.771456003189087,
      0.8887709975242615,
      0.4690360128879547
    ],
    "mfcc_std": [
      30.534513473510742,
      6.35118293762207,
      6.097229957580566,
      3.1981329917907715,
      3.1467859745025635,
      2.2696659564971924,
      2.0162599086761475,
      1.9328049421310425,
      1.9206899404525757,
      1.7375420331954956,
      2.083631992340088,
      2.0326991081237793,
      1.5492589473724365
    ]
  },
  "substyles": {
    "neutral": {
      "f0_mean_hz": 121.01898193359375,
      "f0_median_hz": 100.45763142903645,
      "f0_std_hz": 50.163421630859375,
      "f0_range_hz": 46.790666580200195,
      "intensity_mean_db": -19.067363103230793,
      "intensity_std_db": 3.6511054039001465,
      "jitter_local": 0.08190784106651942,
      "shimmer_local_db": 0.6837283571561178,
      "hnr_db": 1.8140559792518616,
      "voiced_ratio": 0.8000000000000002,
      "speech_rate_syllables_per_sec": 2.2666666666666666,
      "pause_rate_per_min": 72.0,
      "mean_pause_ms": 144.11690266927084,
      "max_pause_ms": 362.5094502766927,
      "long_pause_ratio": 0.05555555555555555,
      "silence_ratio": 0.20000000000000004,
      "spectral_centroid_hz": 1612.923796966724,
      "spectral_rolloff_hz": 2944.3143721633883,
      "burstiness": 0.6062627832094828,
      "final_pitch_delta_hz": -39.16724141438802,
      "mfcc_mean": [
        -51.74794006347656,
        18.606687545776367,
        7.8495049476623535,
        5.549379825592041,
        2.3708128929138184,
        3.528726100921631,
        0.9441869854927063,
        2.4010610580444336,
        0.7865210175514221,
        0.9214959740638733,
        1.771456003189087,
        0.8887709975242615,
        0.4690360128879547
      ],
      "mfcc_std": [
        30.534513473510742,
        6.35118293762207,
        6.097229957580566,
        3.1981329917907715,
        3.1467859745025635,
        2.2696659564971924,
        2.0162599086761475,
        1.9328049421310425,
        1.9206899404525757,
        1.7375420331954956,
        2.083631992340088,
        2.0326991081237793,
        1.5492589473724365
      ]
    }
  },
  "source_manifest": "C:\\dev\\aro-voice-style-lab\\data\\processed\\manifests\\pause_heavy.csv",
  "clip_count": 3
}